id ,name,email,phone_number
1370,Matthew,matthew.turner@example.com,Erie,(391)-279-8949
1352,Isaac,isaac.edwards@example.com,Dunedin,(680)-801-7409
1399,Gabriella,gabriella.mason@example.com,Sydney,00-0573-1741
1286,Nicoline,nicoline.olsen@example.com,Snertinge,94690096
1999,Gertraude,gertraude.alex@example.com,Greven,0528-3189019
1071,Sophie,sophie.peters@example.com,Portlaoise,041-202-5227
1755,Krin,krin.reed@example.com,Saint Paul,(829)-643-7687
1946,Ellen,ellen.myers@example.com,Southampton,016977 1050
1134,Flenn,flenn.pierce@example.com,Virginia Beach,(046)-834-6183
1283,Corinda,corinda.kasmi@example.com,Borculo,(405)-176-2946
1025,Raul,raul.reyes@example.com,Clarksville,(472)-330-7609
1606,Lucas,lucas.christiansen@example.com,Ansager,73478415
1773,Mathias,mathias.larsen@example.com,Lemvig,01216078
1054,Juana,juana.perez@example.com,Santa Cruz de Tenerife,926-098-257
1278,Taylor,taylor.matthews@example.com,Geelong,01-8309-8012
1619,Bertine,bertine.sharif@example.com,Årdalstangen,62593047
1135,???,sm.sltnynjd@example.com,???,082-23984639
1011,Abel,abel.durand@example.com,Avignon,02-04-32-22-78
1382,Anton,anton.wuollet@example.com,Raisio,02-171-532
